sweating,chest_pain,high_fever,chills,fatigue,breathlessness,vomiting,fast_heart_rate,muscle_pain,increased_appetite,polyuria,rusty_sputum,lethargy,cough,headache,nausea,malaise,blurred_and_distorted_vision,phlegm,obesity,irregular_sugar_level,restlessness,excessive_hunger,weight_loss,diarrhoea,prognosis
0,0,0,0,1,0,0,0,0,1,1,0,1,0,0,0,0,1,0,1,1,1,1,1,0,Diabetes 
0,0,0,0,1,0,0,0,0,1,1,0,1,0,0,0,0,1,0,1,1,1,1,1,0,Diabetes 
0,0,0,0,0,0,0,0,0,1,1,0,1,0,0,0,0,1,0,1,1,1,1,1,0,Diabetes 
0,0,0,0,1,0,0,0,0,1,1,0,1,0,0,0,0,1,0,1,1,1,1,0,0,Diabetes 
0,0,0,0,1,0,0,0,0,1,1,0,1,0,0,0,0,1,0,1,1,0,1,1,0,Diabetes 
0,0,0,0,1,0,0,0,0,1,1,0,0,0,0,0,0,1,0,1,1,1,1,1,0,Diabetes 
0,0,0,0,1,0,0,0,0,1,1,0,1,0,0,0,0,1,0,1,0,1,1,1,0,Diabetes 
0,0,0,0,1,0,0,0,0,1,1,0,1,0,0,0,0,0,0,1,1,1,1,1,0,Diabetes 
0,0,0,0,1,0,0,0,0,1,1,0,1,0,0,0,0,1,0,0,1,1,1,1,0,Diabetes 
0,0,0,0,1,0,0,0,0,1,1,0,1,0,0,0,0,1,0,1,1,1,0,1,0,Diabetes 
1,0,1,1,0,0,1,0,1,0,0,0,0,0,1,1,0,0,0,0,0,0,0,0,0,Malaria
1,0,1,1,0,0,1,0,1,0,0,0,0,0,1,1,0,0,0,0,0,0,0,0,1,Malaria
1,0,1,1,0,0,1,0,1,0,0,0,0,0,1,1,0,0,0,0,0,0,0,0,1,Malaria
1,0,1,0,0,0,1,0,1,0,0,0,0,0,1,1,0,0,0,0,0,0,0,0,1,Malaria
1,0,1,1,0,0,0,0,1,0,0,0,0,0,1,1,0,0,0,0,0,0,0,0,1,Malaria
1,0,0,1,0,0,1,0,1,0,0,0,0,0,1,1,0,0,0,0,0,0,0,0,1,Malaria
0,0,1,1,0,0,1,0,1,0,0,0,0,0,1,1,0,0,0,0,0,0,0,0,1,Malaria
1,0,1,1,0,0,1,0,1,0,0,0,0,0,0,1,0,0,0,0,0,0,0,0,1,Malaria
1,0,1,1,0,0,1,0,1,0,0,0,0,0,1,0,0,0,0,0,0,0,0,0,1,Malaria
1,0,1,1,0,0,1,0,1,0,0,0,0,0,1,1,0,0,0,0,0,0,0,0,0,Malaria
1,1,1,1,1,1,0,1,0,0,0,1,0,1,0,0,1,0,0,0,0,0,0,0,0,Pneumonia
1,1,1,1,1,1,0,1,0,0,0,1,0,1,0,0,1,0,1,0,0,0,0,0,0,Pneumonia
1,1,1,1,1,1,0,1,0,0,0,1,0,1,0,0,1,0,1,0,0,0,0,0,0,Pneumonia
1,1,1,0,1,1,0,1,0,0,0,1,0,1,0,0,1,0,1,0,0,0,0,0,0,Pneumonia
1,1,1,1,0,1,0,1,0,0,0,1,0,1,0,0,1,0,1,0,0,0,0,0,0,Pneumonia
1,1,1,1,1,1,0,1,0,0,0,1,0,0,0,0,1,0,1,0,0,0,0,0,0,Pneumonia
1,1,0,1,1,1,0,1,0,0,0,1,0,1,0,0,1,0,1,0,0,0,0,0,0,Pneumonia
1,1,1,1,1,0,0,1,0,0,0,1,0,1,0,0,1,0,1,0,0,0,0,0,0,Pneumonia
0,1,1,1,1,1,0,1,0,0,0,1,0,1,0,0,1,0,1,0,0,0,0,0,0,Pneumonia
1,1,1,1,1,1,0,1,0,0,0,1,0,1,0,0,0,0,1,0,0,0,0,0,0,Pneumonia
1,1,0,0,0,1,1,0,0,0,0,0,0,0,0,0,0,0,0,0,0,0,0,0,0,Heart attack
1,1,0,0,0,1,1,0,0,0,0,0,0,0,0,0,0,0,0,0,0,0,0,0,0,Heart attack
1,1,0,0,0,1,0,0,0,0,0,0,0,0,0,0,0,0,0,0,0,0,0,0,0,Heart attack
1,1,0,0,0,0,1,0,0,0,0,0,0,0,0,0,0,0,0,0,0,0,0,0,0,Heart attack
0,1,0,0,0,1,1,0,0,0,0,0,0,0,0,0,0,0,0,0,0,0,0,0,0,Heart attack
1,0,0,0,0,1,1,0,0,0,0,0,0,0,0,0,0,0,0,0,0,0,0,0,0,Heart attack
1,1,0,0,0,1,1,0,0,0,0,0,0,0,0,0,0,0,0,0,0,0,0,0,0,Heart attack
1,1,0,0,0,1,0,0,0,0,0,0,0,0,0,0,0,0,0,0,0,0,0,0,0,Heart attack
1,1,0,0,0,0,1,0,0,0,0,0,0,0,0,0,0,0,0,0,0,0,0,0,0,Heart attack
0,1,0,0,0,1,1,0,0,0,0,0,0,0,0,0,0,0,0,0,0,0,0,0,0,Heart attack
0,0,0,0,1,0,0,0,0,1,1,0,1,0,0,0,0,1,0,1,1,1,1,1,0,Diabetes 
0,0,0,0,1,0,0,0,0,1,1,0,1,0,0,0,0,1,0,1,1,1,1,1,0,Diabetes 
0,0,0,0,0,0,0,0,0,1,1,0,1,0,0,0,0,1,0,1,1,1,1,1,0,Diabetes 
0,0,0,0,1,0,0,0,0,1,1,0,1,0,0,0,0,1,0,1,1,1,1,0,0,Diabetes 
0,0,0,0,1,0,0,0,0,1,1,0,1,0,0,0,0,1,0,1,1,0,1,1,0,Diabetes 
0,0,0,0,1,0,0,0,0,1,1,0,0,0,0,0,0,1,0,1,1,1,1,1,0,Diabetes 
0,0,0,0,1,0,0,0,0,1,1,0,1,0,0,0,0,1,0,1,0,1,1,1,0,Diabetes 
0,0,0,0,1,0,0,0,0,1,1,0,1,0,0,0,0,0,0,1,1,1,1,1,0,Diabetes 
0,0,0,0,1,0,0,0,0,1,1,0,1,0,0,0,0,1,0,0,1,1,1,1,0,Diabetes 
0,0,0,0,1,0,0,0,0,1,1,0,1,0,0,0,0,1,0,1,1,1,0,1,0,Diabetes 
1,0,1,1,0,0,1,0,1,0,0,0,0,0,1,1,0,0,0,0,0,0,0,0,0,Malaria
1,0,1,1,0,0,1,0,1,0,0,0,0,0,1,1,0,0,0,0,0,0,0,0,1,Malaria
1,0,1,1,0,0,1,0,1,0,0,0,0,0,1,1,0,0,0,0,0,0,0,0,1,Malaria
1,0,1,0,0,0,1,0,1,0,0,0,0,0,1,1,0,0,0,0,0,0,0,0,1,Malaria
1,0,1,1,0,0,0,0,1,0,0,0,0,0,1,1,0,0,0,0,0,0,0,0,1,Malaria
1,0,0,1,0,0,1,0,1,0,0,0,0,0,1,1,0,0,0,0,0,0,0,0,1,Malaria
0,0,1,1,0,0,1,0,1,0,0,0,0,0,1,1,0,0,0,0,0,0,0,0,1,Malaria
1,0,1,1,0,0,1,0,1,0,0,0,0,0,0,1,0,0,0,0,0,0,0,0,1,Malaria
1,0,1,1,0,0,1,0,1,0,0,0,0,0,1,0,0,0,0,0,0,0,0,0,1,Malaria
1,0,1,1,0,0,1,0,1,0,0,0,0,0,1,1,0,0,0,0,0,0,0,0,0,Malaria
1,1,1,1,1,1,0,1,0,0,0,1,0,1,0,0,1,0,0,0,0,0,0,0,0,Pneumonia
1,1,1,1,1,1,0,1,0,0,0,1,0,1,0,0,1,0,1,0,0,0,0,0,0,Pneumonia
1,1,1,1,1,1,0,1,0,0,0,1,0,1,0,0,1,0,1,0,0,0,0,0,0,Pneumonia
1,1,1,0,1,1,0,1,0,0,0,1,0,1,0,0,1,0,1,0,0,0,0,0,0,Pneumonia
1,1,1,1,0,1,0,1,0,0,0,1,0,1,0,0,1,0,1,0,0,0,0,0,0,Pneumonia
1,1,1,1,1,1,0,1,0,0,0,1,0,0,0,0,1,0,1,0,0,0,0,0,0,Pneumonia
1,1,0,1,1,1,0,1,0,0,0,1,0,1,0,0,1,0,1,0,0,0,0,0,0,Pneumonia
1,1,1,1,1,0,0,1,0,0,0,1,0,1,0,0,1,0,1,0,0,0,0,0,0,Pneumonia
0,1,1,1,1,1,0,1,0,0,0,1,0,1,0,0,1,0,1,0,0,0,0,0,0,Pneumonia
1,1,1,1,1,1,0,1,0,0,0,1,0,1,0,0,0,0,1,0,0,0,0,0,0,Pneumonia
1,1,0,0,0,1,1,0,0,0,0,0,0,0,0,0,0,0,0,0,0,0,0,0,0,Heart attack
1,1,0,0,0,1,1,0,0,0,0,0,0,0,0,0,0,0,0,0,0,0,0,0,0,Heart attack
1,1,0,0,0,1,0,0,0,0,0,0,0,0,0,0,0,0,0,0,0,0,0,0,0,Heart attack
1,1,0,0,0,0,1,0,0,0,0,0,0,0,0,0,0,0,0,0,0,0,0,0,0,Heart attack
0,1,0,0,0,1,1,0,0,0,0,0,0,0,0,0,0,0,0,0,0,0,0,0,0,Heart attack
1,0,0,0,0,1,1,0,0,0,0,0,0,0,0,0,0,0,0,0,0,0,0,0,0,Heart attack
1,1,0,0,0,1,1,0,0,0,0,0,0,0,0,0,0,0,0,0,0,0,0,0,0,Heart attack
1,1,0,0,0,1,0,0,0,0,0,0,0,0,0,0,0,0,0,0,0,0,0,0,0,Heart attack
1,1,0,0,0,0,1,0,0,0,0,0,0,0,0,0,0,0,0,0,0,0,0,0,0,Heart attack
0,1,0,0,0,1,1,0,0,0,0,0,0,0,0,0,0,0,0,0,0,0,0,0,0,Heart attack
0,0,0,0,1,0,0,0,0,1,1,0,1,0,0,0,0,1,0,1,1,1,1,1,0,Diabetes 
0,0,0,0,1,0,0,0,0,1,1,0,1,0,0,0,0,1,0,1,1,1,1,1,0,Diabetes 
0,0,0,0,0,0,0,0,0,1,1,0,1,0,0,0,0,1,0,1,1,1,1,1,0,Diabetes 
0,0,0,0,1,0,0,0,0,1,1,0,1,0,0,0,0,1,0,1,1,1,1,0,0,Diabetes 
0,0,0,0,1,0,0,0,0,1,1,0,1,0,0,0,0,1,0,1,1,0,1,1,0,Diabetes 
0,0,0,0,1,0,0,0,0,1,1,0,0,0,0,0,0,1,0,1,1,1,1,1,0,Diabetes 
0,0,0,0,1,0,0,0,0,1,1,0,1,0,0,0,0,1,0,1,0,1,1,1,0,Diabetes 
0,0,0,0,1,0,0,0,0,1,1,0,1,0,0,0,0,0,0,1,1,1,1,1,0,Diabetes 
0,0,0,0,1,0,0,0,0,1,1,0,1,0,0,0,0,1,0,0,1,1,1,1,0,Diabetes 
0,0,0,0,1,0,0,0,0,1,1,0,1,0,0,0,0,1,0,1,1,1,0,1,0,Diabetes 
1,0,1,1,0,0,1,0,1,0,0,0,0,0,1,1,0,0,0,0,0,0,0,0,0,Malaria
1,0,1,1,0,0,1,0,1,0,0,0,0,0,1,1,0,0,0,0,0,0,0,0,1,Malaria
1,0,1,1,0,0,1,0,1,0,0,0,0,0,1,1,0,0,0,0,0,0,0,0,1,Malaria
1,0,1,0,0,0,1,0,1,0,0,0,0,0,1,1,0,0,0,0,0,0,0,0,1,Malaria
1,0,1,1,0,0,0,0,1,0,0,0,0,0,1,1,0,0,0,0,0,0,0,0,1,Malaria
1,0,0,1,0,0,1,0,1,0,0,0,0,0,1,1,0,0,0,0,0,0,0,0,1,Malaria
0,0,1,1,0,0,1,0,1,0,0,0,0,0,1,1,0,0,0,0,0,0,0,0,1,Malaria
1,0,1,1,0,0,1,0,1,0,0,0,0,0,0,1,0,0,0,0,0,0,0,0,1,Malaria
1,0,1,1,0,0,1,0,1,0,0,0,0,0,1,0,0,0,0,0,0,0,0,0,1,Malaria
1,0,1,1,0,0,1,0,1,0,0,0,0,0,1,1,0,0,0,0,0,0,0,0,0,Malaria
1,1,1,1,1,1,0,1,0,0,0,1,0,1,0,0,1,0,0,0,0,0,0,0,0,Pneumonia
1,1,1,1,1,1,0,1,0,0,0,1,0,1,0,0,1,0,1,0,0,0,0,0,0,Pneumonia
1,1,1,1,1,1,0,1,0,0,0,1,0,1,0,0,1,0,1,0,0,0,0,0,0,Pneumonia
1,1,1,0,1,1,0,1,0,0,0,1,0,1,0,0,1,0,1,0,0,0,0,0,0,Pneumonia
1,1,1,1,0,1,0,1,0,0,0,1,0,1,0,0,1,0,1,0,0,0,0,0,0,Pneumonia
1,1,1,1,1,1,0,1,0,0,0,1,0,0,0,0,1,0,1,0,0,0,0,0,0,Pneumonia
1,1,0,1,1,1,0,1,0,0,0,1,0,1,0,0,1,0,1,0,0,0,0,0,0,Pneumonia
1,1,1,1,1,0,0,1,0,0,0,1,0,1,0,0,1,0,1,0,0,0,0,0,0,Pneumonia
0,1,1,1,1,1,0,1,0,0,0,1,0,1,0,0,1,0,1,0,0,0,0,0,0,Pneumonia
1,1,1,1,1,1,0,1,0,0,0,1,0,1,0,0,0,0,1,0,0,0,0,0,0,Pneumonia
1,1,0,0,0,1,1,0,0,0,0,0,0,0,0,0,0,0,0,0,0,0,0,0,0,Heart attack
1,1,0,0,0,1,1,0,0,0,0,0,0,0,0,0,0,0,0,0,0,0,0,0,0,Heart attack
1,1,0,0,0,1,0,0,0,0,0,0,0,0,0,0,0,0,0,0,0,0,0,0,0,Heart attack
1,1,0,0,0,0,1,0,0,0,0,0,0,0,0,0,0,0,0,0,0,0,0,0,0,Heart attack
0,1,0,0,0,1,1,0,0,0,0,0,0,0,0,0,0,0,0,0,0,0,0,0,0,Heart attack
1,0,0,0,0,1,1,0,0,0,0,0,0,0,0,0,0,0,0,0,0,0,0,0,0,Heart attack
1,1,0,0,0,1,1,0,0,0,0,0,0,0,0,0,0,0,0,0,0,0,0,0,0,Heart attack
1,1,0,0,0,1,0,0,0,0,0,0,0,0,0,0,0,0,0,0,0,0,0,0,0,Heart attack
1,1,0,0,0,0,1,0,0,0,0,0,0,0,0,0,0,0,0,0,0,0,0,0,0,Heart attack
0,1,0,0,0,1,1,0,0,0,0,0,0,0,0,0,0,0,0,0,0,0,0,0,0,Heart attack
0,0,0,0,1,0,0,0,0,1,1,0,1,0,0,0,0,1,0,1,1,1,1,1,0,Diabetes 
0,0,0,0,1,0,0,0,0,1,1,0,1,0,0,0,0,1,0,1,1,1,1,1,0,Diabetes 
0,0,0,0,0,0,0,0,0,1,1,0,1,0,0,0,0,1,0,1,1,1,1,1,0,Diabetes 
0,0,0,0,1,0,0,0,0,1,1,0,1,0,0,0,0,1,0,1,1,1,1,0,0,Diabetes 
0,0,0,0,1,0,0,0,0,1,1,0,1,0,0,0,0,1,0,1,1,0,1,1,0,Diabetes 
0,0,0,0,1,0,0,0,0,1,1,0,0,0,0,0,0,1,0,1,1,1,1,1,0,Diabetes 
0,0,0,0,1,0,0,0,0,1,1,0,1,0,0,0,0,1,0,1,0,1,1,1,0,Diabetes 
0,0,0,0,1,0,0,0,0,1,1,0,1,0,0,0,0,0,0,1,1,1,1,1,0,Diabetes 
0,0,0,0,1,0,0,0,0,1,1,0,1,0,0,0,0,1,0,0,1,1,1,1,0,Diabetes 
0,0,0,0,1,0,0,0,0,1,1,0,1,0,0,0,0,1,0,1,1,1,0,1,0,Diabetes 
1,0,1,1,0,0,1,0,1,0,0,0,0,0,1,1,0,0,0,0,0,0,0,0,0,Malaria
1,0,1,1,0,0,1,0,1,0,0,0,0,0,1,1,0,0,0,0,0,0,0,0,1,Malaria
1,0,1,1,0,0,1,0,1,0,0,0,0,0,1,1,0,0,0,0,0,0,0,0,1,Malaria
1,0,1,0,0,0,1,0,1,0,0,0,0,0,1,1,0,0,0,0,0,0,0,0,1,Malaria
1,0,1,1,0,0,0,0,1,0,0,0,0,0,1,1,0,0,0,0,0,0,0,0,1,Malaria
1,0,0,1,0,0,1,0,1,0,0,0,0,0,1,1,0,0,0,0,0,0,0,0,1,Malaria
0,0,1,1,0,0,1,0,1,0,0,0,0,0,1,1,0,0,0,0,0,0,0,0,1,Malaria
1,0,1,1,0,0,1,0,1,0,0,0,0,0,0,1,0,0,0,0,0,0,0,0,1,Malaria
1,0,1,1,0,0,1,0,1,0,0,0,0,0,1,0,0,0,0,0,0,0,0,0,1,Malaria
1,0,1,1,0,0,1,0,1,0,0,0,0,0,1,1,0,0,0,0,0,0,0,0,0,Malaria
1,1,1,1,1,1,0,1,0,0,0,1,0,1,0,0,1,0,0,0,0,0,0,0,0,Pneumonia
1,1,1,1,1,1,0,1,0,0,0,1,0,1,0,0,1,0,1,0,0,0,0,0,0,Pneumonia
1,1,1,1,1,1,0,1,0,0,0,1,0,1,0,0,1,0,1,0,0,0,0,0,0,Pneumonia
1,1,1,0,1,1,0,1,0,0,0,1,0,1,0,0,1,0,1,0,0,0,0,0,0,Pneumonia
1,1,1,1,0,1,0,1,0,0,0,1,0,1,0,0,1,0,1,0,0,0,0,0,0,Pneumonia
1,1,1,1,1,1,0,1,0,0,0,1,0,0,0,0,1,0,1,0,0,0,0,0,0,Pneumonia
1,1,0,1,1,1,0,1,0,0,0,1,0,1,0,0,1,0,1,0,0,0,0,0,0,Pneumonia
1,1,1,1,1,0,0,1,0,0,0,1,0,1,0,0,1,0,1,0,0,0,0,0,0,Pneumonia
0,1,1,1,1,1,0,1,0,0,0,1,0,1,0,0,1,0,1,0,0,0,0,0,0,Pneumonia
1,1,1,1,1,1,0,1,0,0,0,1,0,1,0,0,0,0,1,0,0,0,0,0,0,Pneumonia
1,1,0,0,0,1,1,0,0,0,0,0,0,0,0,0,0,0,0,0,0,0,0,0,0,Heart attack
1,1,0,0,0,1,1,0,0,0,0,0,0,0,0,0,0,0,0,0,0,0,0,0,0,Heart attack
1,1,0,0,0,1,0,0,0,0,0,0,0,0,0,0,0,0,0,0,0,0,0,0,0,Heart attack
1,1,0,0,0,0,1,0,0,0,0,0,0,0,0,0,0,0,0,0,0,0,0,0,0,Heart attack
0,1,0,0,0,1,1,0,0,0,0,0,0,0,0,0,0,0,0,0,0,0,0,0,0,Heart attack
1,0,0,0,0,1,1,0,0,0,0,0,0,0,0,0,0,0,0,0,0,0,0,0,0,Heart attack
1,1,0,0,0,1,1,0,0,0,0,0,0,0,0,0,0,0,0,0,0,0,0,0,0,Heart attack
1,1,0,0,0,1,0,0,0,0,0,0,0,0,0,0,0,0,0,0,0,0,0,0,0,Heart attack
1,1,0,0,0,0,1,0,0,0,0,0,0,0,0,0,0,0,0,0,0,0,0,0,0,Heart attack
0,1,0,0,0,1,1,0,0,0,0,0,0,0,0,0,0,0,0,0,0,0,0,0,0,Heart attack
0,0,0,0,1,0,0,0,0,1,1,0,1,0,0,0,0,1,0,1,1,1,1,1,0,Diabetes 
0,0,0,0,1,0,0,0,0,1,1,0,1,0,0,0,0,1,0,1,1,1,1,1,0,Diabetes 
0,0,0,0,0,0,0,0,0,1,1,0,1,0,0,0,0,1,0,1,1,1,1,1,0,Diabetes 
0,0,0,0,1,0,0,0,0,1,1,0,1,0,0,0,0,1,0,1,1,1,1,0,0,Diabetes 
0,0,0,0,1,0,0,0,0,1,1,0,1,0,0,0,0,1,0,1,1,0,1,1,0,Diabetes 
0,0,0,0,1,0,0,0,0,1,1,0,0,0,0,0,0,1,0,1,1,1,1,1,0,Diabetes 
0,0,0,0,1,0,0,0,0,1,1,0,1,0,0,0,0,1,0,1,0,1,1,1,0,Diabetes 
0,0,0,0,1,0,0,0,0,1,1,0,1,0,0,0,0,0,0,1,1,1,1,1,0,Diabetes 
0,0,0,0,1,0,0,0,0,1,1,0,1,0,0,0,0,1,0,0,1,1,1,1,0,Diabetes 
0,0,0,0,1,0,0,0,0,1,1,0,1,0,0,0,0,1,0,1,1,1,0,1,0,Diabetes 
1,0,1,1,0,0,1,0,1,0,0,0,0,0,1,1,0,0,0,0,0,0,0,0,0,Malaria
1,0,1,1,0,0,1,0,1,0,0,0,0,0,1,1,0,0,0,0,0,0,0,0,1,Malaria
1,0,1,1,0,0,1,0,1,0,0,0,0,0,1,1,0,0,0,0,0,0,0,0,1,Malaria
1,0,1,0,0,0,1,0,1,0,0,0,0,0,1,1,0,0,0,0,0,0,0,0,1,Malaria
1,0,1,1,0,0,0,0,1,0,0,0,0,0,1,1,0,0,0,0,0,0,0,0,1,Malaria
1,0,0,1,0,0,1,0,1,0,0,0,0,0,1,1,0,0,0,0,0,0,0,0,1,Malaria
0,0,1,1,0,0,1,0,1,0,0,0,0,0,1,1,0,0,0,0,0,0,0,0,1,Malaria
1,0,1,1,0,0,1,0,1,0,0,0,0,0,0,1,0,0,0,0,0,0,0,0,1,Malaria
1,0,1,1,0,0,1,0,1,0,0,0,0,0,1,0,0,0,0,0,0,0,0,0,1,Malaria
1,0,1,1,0,0,1,0,1,0,0,0,0,0,1,1,0,0,0,0,0,0,0,0,0,Malaria
1,1,1,1,1,1,0,1,0,0,0,1,0,1,0,0,1,0,0,0,0,0,0,0,0,Pneumonia
1,1,1,1,1,1,0,1,0,0,0,1,0,1,0,0,1,0,1,0,0,0,0,0,0,Pneumonia
1,1,1,1,1,1,0,1,0,0,0,1,0,1,0,0,1,0,1,0,0,0,0,0,0,Pneumonia
1,1,1,0,1,1,0,1,0,0,0,1,0,1,0,0,1,0,1,0,0,0,0,0,0,Pneumonia
1,1,1,1,0,1,0,1,0,0,0,1,0,1,0,0,1,0,1,0,0,0,0,0,0,Pneumonia
1,1,1,1,1,1,0,1,0,0,0,1,0,0,0,0,1,0,1,0,0,0,0,0,0,Pneumonia
1,1,0,1,1,1,0,1,0,0,0,1,0,1,0,0,1,0,1,0,0,0,0,0,0,Pneumonia
1,1,1,1,1,0,0,1,0,0,0,1,0,1,0,0,1,0,1,0,0,0,0,0,0,Pneumonia
0,1,1,1,1,1,0,1,0,0,0,1,0,1,0,0,1,0,1,0,0,0,0,0,0,Pneumonia
1,1,1,1,1,1,0,1,0,0,0,1,0,1,0,0,0,0,1,0,0,0,0,0,0,Pneumonia
1,1,0,0,0,1,1,0,0,0,0,0,0,0,0,0,0,0,0,0,0,0,0,0,0,Heart attack
1,1,0,0,0,1,1,0,0,0,0,0,0,0,0,0,0,0,0,0,0,0,0,0,0,Heart attack
1,1,0,0,0,1,0,0,0,0,0,0,0,0,0,0,0,0,0,0,0,0,0,0,0,Heart attack
1,1,0,0,0,0,1,0,0,0,0,0,0,0,0,0,0,0,0,0,0,0,0,0,0,Heart attack
0,1,0,0,0,1,1,0,0,0,0,0,0,0,0,0,0,0,0,0,0,0,0,0,0,Heart attack
1,0,0,0,0,1,1,0,0,0,0,0,0,0,0,0,0,0,0,0,0,0,0,0,0,Heart attack
1,1,0,0,0,1,1,0,0,0,0,0,0,0,0,0,0,0,0,0,0,0,0,0,0,Heart attack
1,1,0,0,0,1,0,0,0,0,0,0,0,0,0,0,0,0,0,0,0,0,0,0,0,Heart attack
1,1,0,0,0,0,1,0,0,0,0,0,0,0,0,0,0,0,0,0,0,0,0,0,0,Heart attack
0,1,0,0,0,1,1,0,0,0,0,0,0,0,0,0,0,0,0,0,0,0,0,0,0,Heart attack
0,0,0,0,1,0,0,0,0,1,1,0,1,0,0,0,0,1,0,1,1,1,1,1,0,Diabetes 
0,0,0,0,1,0,0,0,0,1,1,0,1,0,0,0,0,1,0,1,1,1,1,1,0,Diabetes 
0,0,0,0,0,0,0,0,0,1,1,0,1,0,0,0,0,1,0,1,1,1,1,1,0,Diabetes 
0,0,0,0,1,0,0,0,0,1,1,0,1,0,0,0,0,1,0,1,1,1,1,0,0,Diabetes 
0,0,0,0,1,0,0,0,0,1,1,0,1,0,0,0,0,1,0,1,1,0,1,1,0,Diabetes 
0,0,0,0,1,0,0,0,0,1,1,0,0,0,0,0,0,1,0,1,1,1,1,1,0,Diabetes 
0,0,0,0,1,0,0,0,0,1,1,0,1,0,0,0,0,1,0,1,0,1,1,1,0,Diabetes 
0,0,0,0,1,0,0,0,0,1,1,0,1,0,0,0,0,0,0,1,1,1,1,1,0,Diabetes 
0,0,0,0,1,0,0,0,0,1,1,0,1,0,0,0,0,1,0,0,1,1,1,1,0,Diabetes 
0,0,0,0,1,0,0,0,0,1,1,0,1,0,0,0,0,1,0,1,1,1,0,1,0,Diabetes 
1,0,1,1,0,0,1,0,1,0,0,0,0,0,1,1,0,0,0,0,0,0,0,0,0,Malaria
1,0,1,1,0,0,1,0,1,0,0,0,0,0,1,1,0,0,0,0,0,0,0,0,1,Malaria
1,0,1,1,0,0,1,0,1,0,0,0,0,0,1,1,0,0,0,0,0,0,0,0,1,Malaria
1,0,1,0,0,0,1,0,1,0,0,0,0,0,1,1,0,0,0,0,0,0,0,0,1,Malaria
1,0,1,1,0,0,0,0,1,0,0,0,0,0,1,1,0,0,0,0,0,0,0,0,1,Malaria
1,0,0,1,0,0,1,0,1,0,0,0,0,0,1,1,0,0,0,0,0,0,0,0,1,Malaria
0,0,1,1,0,0,1,0,1,0,0,0,0,0,1,1,0,0,0,0,0,0,0,0,1,Malaria
1,0,1,1,0,0,1,0,1,0,0,0,0,0,0,1,0,0,0,0,0,0,0,0,1,Malaria
1,0,1,1,0,0,1,0,1,0,0,0,0,0,1,0,0,0,0,0,0,0,0,0,1,Malaria
1,0,1,1,0,0,1,0,1,0,0,0,0,0,1,1,0,0,0,0,0,0,0,0,0,Malaria
1,1,1,1,1,1,0,1,0,0,0,1,0,1,0,0,1,0,0,0,0,0,0,0,0,Pneumonia
1,1,1,1,1,1,0,1,0,0,0,1,0,1,0,0,1,0,1,0,0,0,0,0,0,Pneumonia
1,1,1,1,1,1,0,1,0,0,0,1,0,1,0,0,1,0,1,0,0,0,0,0,0,Pneumonia
1,1,1,0,1,1,0,1,0,0,0,1,0,1,0,0,1,0,1,0,0,0,0,0,0,Pneumonia
1,1,1,1,0,1,0,1,0,0,0,1,0,1,0,0,1,0,1,0,0,0,0,0,0,Pneumonia
1,1,1,1,1,1,0,1,0,0,0,1,0,0,0,0,1,0,1,0,0,0,0,0,0,Pneumonia
1,1,0,1,1,1,0,1,0,0,0,1,0,1,0,0,1,0,1,0,0,0,0,0,0,Pneumonia
1,1,1,1,1,0,0,1,0,0,0,1,0,1,0,0,1,0,1,0,0,0,0,0,0,Pneumonia
0,1,1,1,1,1,0,1,0,0,0,1,0,1,0,0,1,0,1,0,0,0,0,0,0,Pneumonia
1,1,1,1,1,1,0,1,0,0,0,1,0,1,0,0,0,0,1,0,0,0,0,0,0,Pneumonia
1,1,0,0,0,1,1,0,0,0,0,0,0,0,0,0,0,0,0,0,0,0,0,0,0,Heart attack
1,1,0,0,0,1,1,0,0,0,0,0,0,0,0,0,0,0,0,0,0,0,0,0,0,Heart attack
1,1,0,0,0,1,0,0,0,0,0,0,0,0,0,0,0,0,0,0,0,0,0,0,0,Heart attack
1,1,0,0,0,0,1,0,0,0,0,0,0,0,0,0,0,0,0,0,0,0,0,0,0,Heart attack
0,1,0,0,0,1,1,0,0,0,0,0,0,0,0,0,0,0,0,0,0,0,0,0,0,Heart attack
1,0,0,0,0,1,1,0,0,0,0,0,0,0,0,0,0,0,0,0,0,0,0,0,0,Heart attack
1,1,0,0,0,1,1,0,0,0,0,0,0,0,0,0,0,0,0,0,0,0,0,0,0,Heart attack
1,1,0,0,0,1,0,0,0,0,0,0,0,0,0,0,0,0,0,0,0,0,0,0,0,Heart attack
1,1,0,0,0,0,1,0,0,0,0,0,0,0,0,0,0,0,0,0,0,0,0,0,0,Heart attack
0,1,0,0,0,1,1,0,0,0,0,0,0,0,0,0,0,0,0,0,0,0,0,0,0,Heart attack
0,0,0,0,1,0,0,0,0,1,1,0,1,0,0,0,0,1,0,1,1,1,1,1,0,Diabetes 
1,0,1,1,0,0,1,0,1,0,0,0,0,0,1,1,0,0,0,0,0,0,0,0,1,Malaria
1,1,1,1,1,1,0,1,0,0,0,1,0,1,0,0,1,0,1,0,0,0,0,0,0,Pneumonia
1,1,0,0,0,1,1,0,0,0,0,0,0,0,0,0,0,0,0,0,0,0,0,0,0,Heart attack
0,0,0,0,1,0,0,0,0,1,1,0,1,0,0,0,0,1,0,1,1,1,1,1,0,Diabetes 
1,0,1,1,0,0,1,0,1,0,0,0,0,0,1,1,0,0,0,0,0,0,0,0,1,Malaria
1,1,1,1,1,1,0,1,0,0,0,1,0,1,0,0,1,0,1,0,0,0,0,0,0,Pneumonia
1,1,0,0,0,1,1,0,0,0,0,0,0,0,0,0,0,0,0,0,0,0,0,0,0,Heart attack
0,0,0,0,1,0,0,0,0,1,1,0,1,0,0,0,0,1,0,1,1,1,1,1,0,Diabetes 
1,0,1,1,0,0,1,0,1,0,0,0,0,0,1,1,0,0,0,0,0,0,0,0,1,Malaria
1,1,1,1,1,1,0,1,0,0,0,1,0,1,0,0,1,0,1,0,0,0,0,0,0,Pneumonia
1,1,0,0,0,1,1,0,0,0,0,0,0,0,0,0,0,0,0,0,0,0,0,0,0,Heart attack
0,0,0,0,1,0,0,0,0,1,1,0,1,0,0,0,0,1,0,1,1,1,1,1,0,Diabetes 
1,0,1,1,0,0,1,0,1,0,0,0,0,0,1,1,0,0,0,0,0,0,0,0,1,Malaria
1,1,1,1,1,1,0,1,0,0,0,1,0,1,0,0,1,0,1,0,0,0,0,0,0,Pneumonia
1,1,0,0,0,1,1,0,0,0,0,0,0,0,0,0,0,0,0,0,0,0,0,0,0,Heart attack
0,0,0,0,1,0,0,0,0,1,1,0,1,0,0,0,0,1,0,1,1,1,1,1,0,Diabetes 
1,0,1,1,0,0,1,0,1,0,0,0,0,0,1,1,0,0,0,0,0,0,0,0,1,Malaria
1,1,1,1,1,1,0,1,0,0,0,1,0,1,0,0,1,0,1,0,0,0,0,0,0,Pneumonia
1,1,0,0,0,1,1,0,0,0,0,0,0,0,0,0,0,0,0,0,0,0,0,0,0,Heart attack
0,0,0,0,1,0,0,0,0,1,1,0,1,0,0,0,0,1,0,1,1,1,1,1,0,Diabetes 
1,0,1,1,0,0,1,0,1,0,0,0,0,0,1,1,0,0,0,0,0,0,0,0,1,Malaria
1,1,1,1,1,1,0,1,0,0,0,1,0,1,0,0,1,0,1,0,0,0,0,0,0,Pneumonia
1,1,0,0,0,1,1,0,0,0,0,0,0,0,0,0,0,0,0,0,0,0,0,0,0,Heart attack
0,0,0,0,1,0,0,0,0,1,1,0,1,0,0,0,0,1,0,1,1,1,1,1,0,Diabetes 
1,0,1,1,0,0,1,0,1,0,0,0,0,0,1,1,0,0,0,0,0,0,0,0,1,Malaria
1,1,1,1,1,1,0,1,0,0,0,1,0,1,0,0,1,0,1,0,0,0,0,0,0,Pneumonia
1,1,0,0,0,1,1,0,0,0,0,0,0,0,0,0,0,0,0,0,0,0,0,0,0,Heart attack
0,0,0,0,1,0,0,0,0,1,1,0,1,0,0,0,0,1,0,1,1,1,1,1,0,Diabetes 
1,0,1,1,0,0,1,0,1,0,0,0,0,0,1,1,0,0,0,0,0,0,0,0,1,Malaria
1,1,1,1,1,1,0,1,0,0,0,1,0,1,0,0,1,0,1,0,0,0,0,0,0,Pneumonia
1,1,0,0,0,1,1,0,0,0,0,0,0,0,0,0,0,0,0,0,0,0,0,0,0,Heart attack
0,0,0,0,1,0,0,0,0,1,1,0,1,0,0,0,0,1,0,1,1,1,1,1,0,Diabetes 
1,0,1,1,0,0,1,0,1,0,0,0,0,0,1,1,0,0,0,0,0,0,0,0,1,Malaria
1,1,1,1,1,1,0,1,0,0,0,1,0,1,0,0,1,0,1,0,0,0,0,0,0,Pneumonia
1,1,0,0,0,1,1,0,0,0,0,0,0,0,0,0,0,0,0,0,0,0,0,0,0,Heart attack
0,0,0,0,1,0,0,0,0,1,1,0,1,0,0,0,0,1,0,1,1,1,1,1,0,Diabetes 
1,0,1,1,0,0,1,0,1,0,0,0,0,0,1,1,0,0,0,0,0,0,0,0,1,Malaria
1,1,1,1,1,1,0,1,0,0,0,1,0,1,0,0,1,0,1,0,0,0,0,0,0,Pneumonia
1,1,0,0,0,1,1,0,0,0,0,0,0,0,0,0,0,0,0,0,0,0,0,0,0,Heart attack
0,0,0,0,1,0,0,0,0,1,1,0,1,0,0,0,0,1,0,1,1,1,1,1,0,Diabetes 
1,0,1,1,0,0,1,0,1,0,0,0,0,0,1,1,0,0,0,0,0,0,0,0,1,Malaria
1,1,1,1,1,1,0,1,0,0,0,1,0,1,0,0,1,0,1,0,0,0,0,0,0,Pneumonia
1,1,0,0,0,1,1,0,0,0,0,0,0,0,0,0,0,0,0,0,0,0,0,0,0,Heart attack
0,0,0,0,1,0,0,0,0,1,1,0,1,0,0,0,0,1,0,1,1,1,1,1,0,Diabetes 
1,0,1,1,0,0,1,0,1,0,0,0,0,0,1,1,0,0,0,0,0,0,0,0,1,Malaria
1,1,1,1,1,1,0,1,0,0,0,1,0,1,0,0,1,0,1,0,0,0,0,0,0,Pneumonia
1,1,0,0,0,1,1,0,0,0,0,0,0,0,0,0,0,0,0,0,0,0,0,0,0,Heart attack
0,0,0,0,1,0,0,0,0,1,1,0,1,0,0,0,0,1,0,1,1,1,1,1,0,Diabetes 
1,0,1,1,0,0,1,0,1,0,0,0,0,0,1,1,0,0,0,0,0,0,0,0,1,Malaria
1,1,1,1,1,1,0,1,0,0,0,1,0,1,0,0,1,0,1,0,0,0,0,0,0,Pneumonia
1,1,0,0,0,1,1,0,0,0,0,0,0,0,0,0,0,0,0,0,0,0,0,0,0,Heart attack
0,0,0,0,1,0,0,0,0,1,1,0,1,0,0,0,0,1,0,1,1,1,1,1,0,Diabetes 
1,0,1,1,0,0,1,0,1,0,0,0,0,0,1,1,0,0,0,0,0,0,0,0,1,Malaria
1,1,1,1,1,1,0,1,0,0,0,1,0,1,0,0,1,0,1,0,0,0,0,0,0,Pneumonia
1,1,0,0,0,1,1,0,0,0,0,0,0,0,0,0,0,0,0,0,0,0,0,0,0,Heart attack
0,0,0,0,1,0,0,0,0,1,1,0,1,0,0,0,0,1,0,1,1,1,1,1,0,Diabetes 
1,0,1,1,0,0,1,0,1,0,0,0,0,0,1,1,0,0,0,0,0,0,0,0,1,Malaria
1,1,1,1,1,1,0,1,0,0,0,1,0,1,0,0,1,0,1,0,0,0,0,0,0,Pneumonia
1,1,0,0,0,1,1,0,0,0,0,0,0,0,0,0,0,0,0,0,0,0,0,0,0,Heart attack
0,0,0,0,1,0,0,0,0,1,1,0,1,0,0,0,0,1,0,1,1,1,1,1,0,Diabetes 
1,0,1,1,0,0,1,0,1,0,0,0,0,0,1,1,0,0,0,0,0,0,0,0,1,Malaria
1,1,1,1,1,1,0,1,0,0,0,1,0,1,0,0,1,0,1,0,0,0,0,0,0,Pneumonia
1,1,0,0,0,1,1,0,0,0,0,0,0,0,0,0,0,0,0,0,0,0,0,0,0,Heart attack
0,0,0,0,1,0,0,0,0,1,1,0,1,0,0,0,0,1,0,1,1,1,1,1,0,Diabetes 
1,0,1,1,0,0,1,0,1,0,0,0,0,0,1,1,0,0,0,0,0,0,0,0,1,Malaria
1,1,1,1,1,1,0,1,0,0,0,1,0,1,0,0,1,0,1,0,0,0,0,0,0,Pneumonia
1,1,0,0,0,1,1,0,0,0,0,0,0,0,0,0,0,0,0,0,0,0,0,0,0,Heart attack
0,0,0,0,1,0,0,0,0,1,1,0,1,0,0,0,0,1,0,1,1,1,1,1,0,Diabetes 
1,0,1,1,0,0,1,0,1,0,0,0,0,0,1,1,0,0,0,0,0,0,0,0,1,Malaria
1,1,1,1,1,1,0,1,0,0,0,1,0,1,0,0,1,0,1,0,0,0,0,0,0,Pneumonia
1,1,0,0,0,1,1,0,0,0,0,0,0,0,0,0,0,0,0,0,0,0,0,0,0,Heart attack
0,0,0,0,1,0,0,0,0,1,1,0,1,0,0,0,0,1,0,1,1,1,1,1,0,Diabetes 
1,0,1,1,0,0,1,0,1,0,0,0,0,0,1,1,0,0,0,0,0,0,0,0,1,Malaria
1,1,1,1,1,1,0,1,0,0,0,1,0,1,0,0,1,0,1,0,0,0,0,0,0,Pneumonia
1,1,0,0,0,1,1,0,0,0,0,0,0,0,0,0,0,0,0,0,0,0,0,0,0,Heart attack
0,0,0,0,1,0,0,0,0,1,1,0,1,0,0,0,0,1,0,1,1,1,1,1,0,Diabetes 
1,0,1,1,0,0,1,0,1,0,0,0,0,0,1,1,0,0,0,0,0,0,0,0,1,Malaria
1,1,1,1,1,1,0,1,0,0,0,1,0,1,0,0,1,0,1,0,0,0,0,0,0,Pneumonia
1,1,0,0,0,1,1,0,0,0,0,0,0,0,0,0,0,0,0,0,0,0,0,0,0,Heart attack
0,0,0,0,1,0,0,0,0,1,1,0,1,0,0,0,0,1,0,1,1,1,1,1,0,Diabetes 
1,0,1,1,0,0,1,0,1,0,0,0,0,0,1,1,0,0,0,0,0,0,0,0,1,Malaria
1,1,1,1,1,1,0,1,0,0,0,1,0,1,0,0,1,0,1,0,0,0,0,0,0,Pneumonia
1,1,0,0,0,1,1,0,0,0,0,0,0,0,0,0,0,0,0,0,0,0,0,0,0,Heart attack
0,0,0,0,1,0,0,0,0,1,1,0,1,0,0,0,0,1,0,1,1,1,1,1,0,Diabetes 
1,0,1,1,0,0,1,0,1,0,0,0,0,0,1,1,0,0,0,0,0,0,0,0,1,Malaria
1,1,1,1,1,1,0,1,0,0,0,1,0,1,0,0,1,0,1,0,0,0,0,0,0,Pneumonia
1,1,0,0,0,1,1,0,0,0,0,0,0,0,0,0,0,0,0,0,0,0,0,0,0,Heart attack
0,0,0,0,1,0,0,0,0,1,1,0,1,0,0,0,0,1,0,1,1,1,1,1,0,Diabetes 
1,0,1,1,0,0,1,0,1,0,0,0,0,0,1,1,0,0,0,0,0,0,0,0,1,Malaria
1,1,1,1,1,1,0,1,0,0,0,1,0,1,0,0,1,0,1,0,0,0,0,0,0,Pneumonia
1,1,0,0,0,1,1,0,0,0,0,0,0,0,0,0,0,0,0,0,0,0,0,0,0,Heart attack
0,0,0,0,1,0,0,0,0,1,1,0,1,0,0,0,0,1,0,1,1,1,1,1,0,Diabetes 
1,0,1,1,0,0,1,0,1,0,0,0,0,0,1,1,0,0,0,0,0,0,0,0,1,Malaria
1,1,1,1,1,1,0,1,0,0,0,1,0,1,0,0,1,0,1,0,0,0,0,0,0,Pneumonia
1,1,0,0,0,1,1,0,0,0,0,0,0,0,0,0,0,0,0,0,0,0,0,0,0,Heart attack
0,0,0,0,1,0,0,0,0,1,1,0,1,0,0,0,0,1,0,1,1,1,1,1,0,Diabetes 
1,0,1,1,0,0,1,0,1,0,0,0,0,0,1,1,0,0,0,0,0,0,0,0,1,Malaria
1,1,1,1,1,1,0,1,0,0,0,1,0,1,0,0,1,0,1,0,0,0,0,0,0,Pneumonia
1,1,0,0,0,1,1,0,0,0,0,0,0,0,0,0,0,0,0,0,0,0,0,0,0,Heart attack
0,0,0,0,1,0,0,0,0,1,1,0,1,0,0,0,0,1,0,1,1,1,1,1,0,Diabetes 
1,0,1,1,0,0,1,0,1,0,0,0,0,0,1,1,0,0,0,0,0,0,0,0,1,Malaria
1,1,1,1,1,1,0,1,0,0,0,1,0,1,0,0,1,0,1,0,0,0,0,0,0,Pneumonia
1,1,0,0,0,1,1,0,0,0,0,0,0,0,0,0,0,0,0,0,0,0,0,0,0,Heart attack
0,0,0,0,1,0,0,0,0,1,1,0,1,0,0,0,0,1,0,1,1,1,1,1,0,Diabetes 
1,0,1,1,0,0,1,0,1,0,0,0,0,0,1,1,0,0,0,0,0,0,0,0,1,Malaria
1,1,1,1,1,1,0,1,0,0,0,1,0,1,0,0,1,0,1,0,0,0,0,0,0,Pneumonia
1,1,0,0,0,1,1,0,0,0,0,0,0,0,0,0,0,0,0,0,0,0,0,0,0,Heart attack
0,0,0,0,1,0,0,0,0,1,1,0,1,0,0,0,0,1,0,1,1,1,1,1,0,Diabetes 
1,0,1,1,0,0,1,0,1,0,0,0,0,0,1,1,0,0,0,0,0,0,0,0,1,Malaria
1,1,1,1,1,1,0,1,0,0,0,1,0,1,0,0,1,0,1,0,0,0,0,0,0,Pneumonia
1,1,0,0,0,1,1,0,0,0,0,0,0,0,0,0,0,0,0,0,0,0,0,0,0,Heart attack
0,0,0,0,1,0,0,0,0,1,1,0,1,0,0,0,0,1,0,1,1,1,1,1,0,Diabetes 
1,0,1,1,0,0,1,0,1,0,0,0,0,0,1,1,0,0,0,0,0,0,0,0,1,Malaria
1,1,1,1,1,1,0,1,0,0,0,1,0,1,0,0,1,0,1,0,0,0,0,0,0,Pneumonia
1,1,0,0,0,1,1,0,0,0,0,0,0,0,0,0,0,0,0,0,0,0,0,0,0,Heart attack
0,0,0,0,1,0,0,0,0,1,1,0,1,0,0,0,0,1,0,1,1,1,1,1,0,Diabetes 
1,0,1,1,0,0,1,0,1,0,0,0,0,0,1,1,0,0,0,0,0,0,0,0,1,Malaria
1,1,1,1,1,1,0,1,0,0,0,1,0,1,0,0,1,0,1,0,0,0,0,0,0,Pneumonia
1,1,0,0,0,1,1,0,0,0,0,0,0,0,0,0,0,0,0,0,0,0,0,0,0,Heart attack
0,0,0,0,1,0,0,0,0,1,1,0,1,0,0,0,0,1,0,1,1,1,1,1,0,Diabetes 
1,0,1,1,0,0,1,0,1,0,0,0,0,0,1,1,0,0,0,0,0,0,0,0,1,Malaria
1,1,1,1,1,1,0,1,0,0,0,1,0,1,0,0,1,0,1,0,0,0,0,0,0,Pneumonia
1,1,0,0,0,1,1,0,0,0,0,0,0,0,0,0,0,0,0,0,0,0,0,0,0,Heart attack
0,0,0,0,1,0,0,0,0,1,1,0,1,0,0,0,0,1,0,1,1,1,1,1,0,Diabetes 
1,0,1,1,0,0,1,0,1,0,0,0,0,0,1,1,0,0,0,0,0,0,0,0,1,Malaria
1,1,1,1,1,1,0,1,0,0,0,1,0,1,0,0,1,0,1,0,0,0,0,0,0,Pneumonia
1,1,0,0,0,1,1,0,0,0,0,0,0,0,0,0,0,0,0,0,0,0,0,0,0,Heart attack
0,0,0,0,1,0,0,0,0,1,1,0,1,0,0,0,0,1,0,1,1,1,1,1,0,Diabetes 
1,0,1,1,0,0,1,0,1,0,0,0,0,0,1,1,0,0,0,0,0,0,0,0,1,Malaria
1,1,1,1,1,1,0,1,0,0,0,1,0,1,0,0,1,0,1,0,0,0,0,0,0,Pneumonia
1,1,0,0,0,1,1,0,0,0,0,0,0,0,0,0,0,0,0,0,0,0,0,0,0,Heart attack
0,0,0,0,1,0,0,0,0,1,1,0,1,0,0,0,0,1,0,1,1,1,1,1,0,Diabetes 
1,0,1,1,0,0,1,0,1,0,0,0,0,0,1,1,0,0,0,0,0,0,0,0,1,Malaria
1,1,1,1,1,1,0,1,0,0,0,1,0,1,0,0,1,0,1,0,0,0,0,0,0,Pneumonia
1,1,0,0,0,1,1,0,0,0,0,0,0,0,0,0,0,0,0,0,0,0,0,0,0,Heart attack
0,0,0,0,1,0,0,0,0,1,1,0,1,0,0,0,0,1,0,1,1,1,1,1,0,Diabetes 
1,0,1,1,0,0,1,0,1,0,0,0,0,0,1,1,0,0,0,0,0,0,0,0,1,Malaria
1,1,1,1,1,1,0,1,0,0,0,1,0,1,0,0,1,0,1,0,0,0,0,0,0,Pneumonia
1,1,0,0,0,1,1,0,0,0,0,0,0,0,0,0,0,0,0,0,0,0,0,0,0,Heart attack
0,0,0,0,1,0,0,0,0,1,1,0,1,0,0,0,0,1,0,1,1,1,1,1,0,Diabetes 
1,0,1,1,0,0,1,0,1,0,0,0,0,0,1,1,0,0,0,0,0,0,0,0,1,Malaria
1,1,1,1,1,1,0,1,0,0,0,1,0,1,0,0,1,0,1,0,0,0,0,0,0,Pneumonia
1,1,0,0,0,1,1,0,0,0,0,0,0,0,0,0,0,0,0,0,0,0,0,0,0,Heart attack
0,0,0,0,1,0,0,0,0,1,1,0,1,0,0,0,0,1,0,1,1,1,1,1,0,Diabetes 
1,0,1,1,0,0,1,0,1,0,0,0,0,0,1,1,0,0,0,0,0,0,0,0,1,Malaria
1,1,1,1,1,1,0,1,0,0,0,1,0,1,0,0,1,0,1,0,0,0,0,0,0,Pneumonia
1,1,0,0,0,1,1,0,0,0,0,0,0,0,0,0,0,0,0,0,0,0,0,0,0,Heart attack
0,0,0,0,1,0,0,0,0,1,1,0,1,0,0,0,0,1,0,1,1,1,1,1,0,Diabetes 
1,0,1,1,0,0,1,0,1,0,0,0,0,0,1,1,0,0,0,0,0,0,0,0,1,Malaria
1,1,1,1,1,1,0,1,0,0,0,1,0,1,0,0,1,0,1,0,0,0,0,0,0,Pneumonia
1,1,0,0,0,1,1,0,0,0,0,0,0,0,0,0,0,0,0,0,0,0,0,0,0,Heart attack
0,0,0,0,1,0,0,0,0,1,1,0,1,0,0,0,0,1,0,1,1,1,1,1,0,Diabetes 
1,0,1,1,0,0,1,0,1,0,0,0,0,0,1,1,0,0,0,0,0,0,0,0,1,Malaria
1,1,1,1,1,1,0,1,0,0,0,1,0,1,0,0,1,0,1,0,0,0,0,0,0,Pneumonia
1,1,0,0,0,1,1,0,0,0,0,0,0,0,0,0,0,0,0,0,0,0,0,0,0,Heart attack
0,0,0,0,1,0,0,0,0,1,1,0,1,0,0,0,0,1,0,1,1,1,1,1,0,Diabetes 
1,0,1,1,0,0,1,0,1,0,0,0,0,0,1,1,0,0,0,0,0,0,0,0,1,Malaria
1,1,1,1,1,1,0,1,0,0,0,1,0,1,0,0,1,0,1,0,0,0,0,0,0,Pneumonia
1,1,0,0,0,1,1,0,0,0,0,0,0,0,0,0,0,0,0,0,0,0,0,0,0,Heart attack
0,0,0,0,1,0,0,0,0,1,1,0,1,0,0,0,0,1,0,1,1,1,1,1,0,Diabetes 
1,0,1,1,0,0,1,0,1,0,0,0,0,0,1,1,0,0,0,0,0,0,0,0,1,Malaria
1,1,1,1,1,1,0,1,0,0,0,1,0,1,0,0,1,0,1,0,0,0,0,0,0,Pneumonia
1,1,0,0,0,1,1,0,0,0,0,0,0,0,0,0,0,0,0,0,0,0,0,0,0,Heart attack
0,0,0,0,1,0,0,0,0,1,1,0,1,0,0,0,0,1,0,1,1,1,1,1,0,Diabetes 
1,0,1,1,0,0,1,0,1,0,0,0,0,0,1,1,0,0,0,0,0,0,0,0,1,Malaria
1,1,1,1,1,1,0,1,0,0,0,1,0,1,0,0,1,0,1,0,0,0,0,0,0,Pneumonia
1,1,0,0,0,1,1,0,0,0,0,0,0,0,0,0,0,0,0,0,0,0,0,0,0,Heart attack
0,0,0,0,1,0,0,0,0,1,1,0,1,0,0,0,0,1,0,1,1,1,1,1,0,Diabetes 
1,0,1,1,0,0,1,0,1,0,0,0,0,0,1,1,0,0,0,0,0,0,0,0,1,Malaria
1,1,1,1,1,1,0,1,0,0,0,1,0,1,0,0,1,0,1,0,0,0,0,0,0,Pneumonia
1,1,0,0,0,1,1,0,0,0,0,0,0,0,0,0,0,0,0,0,0,0,0,0,0,Heart attack
0,0,0,0,1,0,0,0,0,1,1,0,1,0,0,0,0,1,0,1,1,1,1,1,0,Diabetes 
1,0,1,1,0,0,1,0,1,0,0,0,0,0,1,1,0,0,0,0,0,0,0,0,1,Malaria
1,1,1,1,1,1,0,1,0,0,0,1,0,1,0,0,1,0,1,0,0,0,0,0,0,Pneumonia
1,1,0,0,0,1,1,0,0,0,0,0,0,0,0,0,0,0,0,0,0,0,0,0,0,Heart attack
0,0,0,0,1,0,0,0,0,1,1,0,1,0,0,0,0,1,0,1,1,1,1,1,0,Diabetes 
1,0,1,1,0,0,1,0,1,0,0,0,0,0,1,1,0,0,0,0,0,0,0,0,1,Malaria
1,1,1,1,1,1,0,1,0,0,0,1,0,1,0,0,1,0,1,0,0,0,0,0,0,Pneumonia
1,1,0,0,0,1,1,0,0,0,0,0,0,0,0,0,0,0,0,0,0,0,0,0,0,Heart attack
0,0,0,0,1,0,0,0,0,1,1,0,1,0,0,0,0,1,0,1,1,1,1,1,0,Diabetes 
1,0,1,1,0,0,1,0,1,0,0,0,0,0,1,1,0,0,0,0,0,0,0,0,1,Malaria
1,1,1,1,1,1,0,1,0,0,0,1,0,1,0,0,1,0,1,0,0,0,0,0,0,Pneumonia
1,1,0,0,0,1,1,0,0,0,0,0,0,0,0,0,0,0,0,0,0,0,0,0,0,Heart attack
0,0,0,0,1,0,0,0,0,1,1,0,1,0,0,0,0,1,0,1,1,1,1,1,0,Diabetes 
1,0,1,1,0,0,1,0,1,0,0,0,0,0,1,1,0,0,0,0,0,0,0,0,1,Malaria
1,1,1,1,1,1,0,1,0,0,0,1,0,1,0,0,1,0,1,0,0,0,0,0,0,Pneumonia
1,1,0,0,0,1,1,0,0,0,0,0,0,0,0,0,0,0,0,0,0,0,0,0,0,Heart attack
0,0,0,0,1,0,0,0,0,1,1,0,1,0,0,0,0,1,0,1,1,1,1,1,0,Diabetes 
1,0,1,1,0,0,1,0,1,0,0,0,0,0,1,1,0,0,0,0,0,0,0,0,1,Malaria
1,1,1,1,1,1,0,1,0,0,0,1,0,1,0,0,1,0,1,0,0,0,0,0,0,Pneumonia
1,1,0,0,0,1,1,0,0,0,0,0,0,0,0,0,0,0,0,0,0,0,0,0,0,Heart attack
0,0,0,0,1,0,0,0,0,1,1,0,1,0,0,0,0,1,0,1,1,1,1,1,0,Diabetes 
1,0,1,1,0,0,1,0,1,0,0,0,0,0,1,1,0,0,0,0,0,0,0,0,1,Malaria
1,1,1,1,1,1,0,1,0,0,0,1,0,1,0,0,1,0,1,0,0,0,0,0,0,Pneumonia
1,1,0,0,0,1,1,0,0,0,0,0,0,0,0,0,0,0,0,0,0,0,0,0,0,Heart attack
0,0,0,0,1,0,0,0,0,1,1,0,1,0,0,0,0,1,0,1,1,1,1,1,0,Diabetes 
1,0,1,1,0,0,1,0,1,0,0,0,0,0,1,1,0,0,0,0,0,0,0,0,1,Malaria
1,1,1,1,1,1,0,1,0,0,0,1,0,1,0,0,1,0,1,0,0,0,0,0,0,Pneumonia
1,1,0,0,0,1,1,0,0,0,0,0,0,0,0,0,0,0,0,0,0,0,0,0,0,Heart attack
0,0,0,0,1,0,0,0,0,1,1,0,1,0,0,0,0,1,0,1,1,1,1,1,0,Diabetes 
1,0,1,1,0,0,1,0,1,0,0,0,0,0,1,1,0,0,0,0,0,0,0,0,1,Malaria
1,1,1,1,1,1,0,1,0,0,0,1,0,1,0,0,1,0,1,0,0,0,0,0,0,Pneumonia
1,1,0,0,0,1,1,0,0,0,0,0,0,0,0,0,0,0,0,0,0,0,0,0,0,Heart attack
0,0,0,0,1,0,0,0,0,1,1,0,1,0,0,0,0,1,0,1,1,1,1,1,0,Diabetes 
1,0,1,1,0,0,1,0,1,0,0,0,0,0,1,1,0,0,0,0,0,0,0,0,1,Malaria
1,1,1,1,1,1,0,1,0,0,0,1,0,1,0,0,1,0,1,0,0,0,0,0,0,Pneumonia
1,1,0,0,0,1,1,0,0,0,0,0,0,0,0,0,0,0,0,0,0,0,0,0,0,Heart attack
0,0,0,0,1,0,0,0,0,1,1,0,1,0,0,0,0,1,0,1,1,1,1,1,0,Diabetes 
1,0,1,1,0,0,1,0,1,0,0,0,0,0,1,1,0,0,0,0,0,0,0,0,1,Malaria
1,1,1,1,1,1,0,1,0,0,0,1,0,1,0,0,1,0,1,0,0,0,0,0,0,Pneumonia
1,1,0,0,0,1,1,0,0,0,0,0,0,0,0,0,0,0,0,0,0,0,0,0,0,Heart attack
0,0,0,0,1,0,0,0,0,1,1,0,1,0,0,0,0,1,0,1,1,1,1,1,0,Diabetes 
1,0,1,1,0,0,1,0,1,0,0,0,0,0,1,1,0,0,0,0,0,0,0,0,1,Malaria
1,1,1,1,1,1,0,1,0,0,0,1,0,1,0,0,1,0,1,0,0,0,0,0,0,Pneumonia
1,1,0,0,0,1,1,0,0,0,0,0,0,0,0,0,0,0,0,0,0,0,0,0,0,Heart attack
0,0,0,0,1,0,0,0,0,1,1,0,1,0,0,0,0,1,0,1,1,1,1,1,0,Diabetes 
1,0,1,1,0,0,1,0,1,0,0,0,0,0,1,1,0,0,0,0,0,0,0,0,1,Malaria
1,1,1,1,1,1,0,1,0,0,0,1,0,1,0,0,1,0,1,0,0,0,0,0,0,Pneumonia
1,1,0,0,0,1,1,0,0,0,0,0,0,0,0,0,0,0,0,0,0,0,0,0,0,Heart attack
0,0,0,0,1,0,0,0,0,1,1,0,1,0,0,0,0,1,0,1,1,1,1,1,0,Diabetes 
1,0,1,1,0,0,1,0,1,0,0,0,0,0,1,1,0,0,0,0,0,0,0,0,1,Malaria
1,1,1,1,1,1,0,1,0,0,0,1,0,1,0,0,1,0,1,0,0,0,0,0,0,Pneumonia
1,1,0,0,0,1,1,0,0,0,0,0,0,0,0,0,0,0,0,0,0,0,0,0,0,Heart attack
0,0,0,0,1,0,0,0,0,1,1,0,1,0,0,0,0,1,0,1,1,1,1,1,0,Diabetes 
1,0,1,1,0,0,1,0,1,0,0,0,0,0,1,1,0,0,0,0,0,0,0,0,1,Malaria
1,1,1,1,1,1,0,1,0,0,0,1,0,1,0,0,1,0,1,0,0,0,0,0,0,Pneumonia
1,1,0,0,0,1,1,0,0,0,0,0,0,0,0,0,0,0,0,0,0,0,0,0,0,Heart attack
0,0,0,0,1,0,0,0,0,1,1,0,1,0,0,0,0,1,0,1,1,1,1,1,0,Diabetes 
1,0,1,1,0,0,1,0,1,0,0,0,0,0,1,1,0,0,0,0,0,0,0,0,1,Malaria
1,1,1,1,1,1,0,1,0,0,0,1,0,1,0,0,1,0,1,0,0,0,0,0,0,Pneumonia
1,1,0,0,0,1,1,0,0,0,0,0,0,0,0,0,0,0,0,0,0,0,0,0,0,Heart attack
0,0,0,0,1,0,0,0,0,1,1,0,1,0,0,0,0,1,0,1,1,1,1,1,0,Diabetes 
1,0,1,1,0,0,1,0,1,0,0,0,0,0,1,1,0,0,0,0,0,0,0,0,1,Malaria
1,1,1,1,1,1,0,1,0,0,0,1,0,1,0,0,1,0,1,0,0,0,0,0,0,Pneumonia
1,1,0,0,0,1,1,0,0,0,0,0,0,0,0,0,0,0,0,0,0,0,0,0,0,Heart attack
0,0,0,0,1,0,0,0,0,1,1,0,1,0,0,0,0,1,0,1,1,1,1,1,0,Diabetes 
1,0,1,1,0,0,1,0,1,0,0,0,0,0,1,1,0,0,0,0,0,0,0,0,1,Malaria
1,1,1,1,1,1,0,1,0,0,0,1,0,1,0,0,1,0,1,0,0,0,0,0,0,Pneumonia
1,1,0,0,0,1,1,0,0,0,0,0,0,0,0,0,0,0,0,0,0,0,0,0,0,Heart attack
